Pàgines més visitades,Clics,Impressions,CTR,Posició
https://discurso360.com/agradecimiento-por-asistir-al-cumpleanos-de-mi-hija/,39,400,9.75%,9.78
https://discurso360.com/palabras-de-reina-de-carnaval/,22,681,3.23%,10.44
https://discurso360.com/frases-para-apoyar-a-una-candidata-a-reina/,17,1122,1.52%,12.16
https://discurso360.com/orador-cuyo-discurso-es-pomposo-y-recargado/,15,297,5.05%,7.12
https://discurso360.com/frases-de-despedida-de-un-equipo-de-futbol/,14,278,5.04%,10.69
https://discurso360.com/frases-para-despedir-a-un-amigo-fallecido/,11,1381,0.8%,56.4
https://discurso360.com/amistad-frases-de-reencuentro-de-amigos/,9,247,3.64%,35.08
https://discurso360.com/palabras-de-bienvenida-a-un-evento-de-mujeres-cristianas/,9,222,4.05%,17.85
https://discurso360.com/palabras-de-bienvenida-para-juegos-deportivos/,8,213,3.76%,13.2
https://discurso360.com/frases-de-agradecimiento-a-un-buen-alcalde/,7,384,1.82%,9.73
https://discurso360.com/palabras-del-padrino-de-bautizo/,7,198,3.54%,35.02
https://discurso360.com/quien-entrega-las-15-rosas-a-la-quinceanera/,6,52,11.54%,9.5
https://discurso360.com/palabras-para-un-reencuentro-de-ex-alumnos/,6,42,14.29%,16.17
https://discurso360.com/frases-para-un-sacerdote-fallecido/,5,156,3.21%,17.11
https://discurso360.com/palabras-de-una-madre-a-un-hijo-en-su-boda/,5,66,7.58%,63.64
https://discurso360.com/padrinos-para-15-anos/,5,49,10.2%,40.39
https://discurso360.com/discurso-de-padrino-de-brindis-de-15-anos/,5,19,26.32%,53.16
https://discurso360.com/agradecimiento-por-50-anos-de-vida/,5,18,27.78%,43.83
https://discurso360.com/palabras-de-agradecimiento-por-ser-madrina-de-bautizo/,4,640,0.62%,15.95
https://discurso360.com/frases-para-ahijados-de-bautizo/,4,362,1.1%,42.66
https://discurso360.com/discurso-de-despedida-de-una-reina-de-belleza/,4,91,4.4%,17.18
https://discurso360.com/frases-para-cumpleanos-de-80-anos-mujer/,4,87,4.6%,33.55
https://discurso360.com/discursos-de-padres-a-hijos-en-su-boda/,4,85,4.71%,72.18
https://discurso360.com/palabras-para-mi-hija-que-cumple-18-anos/,4,46,8.7%,52.43
https://discurso360.com/discurso-de-presentacion-de-una-candidata-a-reina-ejemplo/,4,35,11.43%,26.17
https://discurso360.com/feliz-cumpleanos-70/,4,28,14.29%,40.71
https://discurso360.com/felices-90-anos/,4,16,25%,15.5
https://discurso360.com/frases-de-felicitaciones-por-logros-obtenidos/,3,322,0.93%,52.94
https://discurso360.com/despedida-frases-para-jubilados-docentes/,3,265,1.13%,51.64
https://discurso360.com/frases-de-quince-anos-para-dedicar/,3,161,1.86%,71.67
https://discurso360.com/palabras-de-despedida-a-companeros-de-trabajo/,3,121,2.48%,71.65
https://discurso360.com/palabras-de-bienvenida-a-un-evento-de-graduacion-de-preescolar/,3,115,2.61%,63.62
https://discurso360.com/palabras-de-la-quinceanera-para-los-invitados/,3,91,3.3%,58.97
https://discurso360.com/discurso-de-un-piloto-antes-de-despegar/,3,90,3.33%,10.04
https://discurso360.com/palabras-alusivas-para-aniversario-de-escuela/,3,90,3.33%,68.16
https://discurso360.com/palabras-para-un-sacerdote-amigo/,3,78,3.85%,31.06
https://discurso360.com/frases-para-felicitar-a-un-equipo-de-futbol-campeon/,3,73,4.11%,17.92
https://discurso360.com/palabras-de-bendicion-para-mi-hija-que-se-casa/,3,72,4.17%,58.96
https://discurso360.com/discurso-para-ser-delegado-de-clase-de-primaria/,3,54,5.56%,12.35
https://discurso360.com/carta-de-hijos-a-padres-en-sus-bodas-de-oro/,3,52,5.77%,62.85
https://discurso360.com/palabras-que-dice-el-padre-en-una-boda/,3,43,6.98%,56.12
https://discurso360.com/palabras-para-un-sacerdote-de-agradecimiento/,3,40,7.5%,64.53
https://discurso360.com/mensajes-de-cumple-para-papa/,3,35,8.57%,65.46
https://discurso360.com/palabras-para-quinceanera-de-su-madrina-de-brindis/,3,29,10.34%,30.17
https://discurso360.com/60-anos-cumpleanos/,3,27,11.11%,43.44
https://discurso360.com/ideas-80-cumpleanos/,3,21,14.29%,23.14
https://discurso360.com/discurso-del-bautismo-sud-para-ninos/,3,20,15%,37.65
https://discurso360.com/palabras-de-inicio-de-ciclo-escolar-secundaria/,3,16,18.75%,72.19
https://discurso360.com/mensaje-de-inicio-de-ano-escolar-para-docentes/,3,13,23.08%,59.62
https://discurso360.com/frases-de-agradecimiento-a-la-familia-por-mi-cumpleanos/,3,9,33.33%,60.44
https://discurso360.com/carta-para-mi-equipo-de-futbol/,3,7,42.86%,13.43
https://discurso360.com/discurso-de-oratoria-sobre-los-valores/,3,7,42.86%,43
https://discurso360.com/misa-del-mes-de-fallecido/,3,3,100%,68.67
https://discurso360.com/ejemplos-de-brindis-de-boda/,2,392,0.51%,71.47
https://discurso360.com/frases-para-pedir-que-sea-padrino-de-bautizo/,2,315,0.63%,47.76
https://discurso360.com/palabras-de-agradecimiento-a-padres-de-familia-por-su-colaboracion/,2,276,0.72%,40.76
https://discurso360.com/palabras-de-bienvenida-para-una-boda-maestro-de-ceremonia/,2,234,0.85%,66.07
https://discurso360.com/discurso-novio-boda/,2,208,0.96%,72.74
https://discurso360.com/palabras-de-orgullo-para-mi-hija-por-sus-logros/,2,186,1.08%,66.97
https://discurso360.com/palabras-de-madrina-de-bautizo/,2,138,1.45%,31.55
https://discurso360.com/brindis-de-cumpleanos/,2,136,1.47%,34.11
https://discurso360.com/frases-de-despedida-para-profesores/,2,119,1.68%,64.37
https://discurso360.com/dedicatoria-a-mi-hijo-en-su-boda/,2,106,1.89%,63.81
https://discurso360.com/frases-de-agradecimiento-a-un-sacerdote-por-su-labor/,2,103,1.94%,51.24
https://discurso360.com/palabras-para-xv-anos/,2,89,2.25%,61.25
https://discurso360.com/palabras-de-clausura-del-ano-escolar-preescolar/,2,85,2.35%,49.44
https://discurso360.com/discursos-padrino-de-boda/,2,83,2.41%,58.33
https://discurso360.com/palabras-de-bienvenida-a-un-evento-cultural/,2,80,2.5%,40
https://discurso360.com/se-puede-bautizar-al-hijo-de-un-compadre/,2,74,2.7%,7.84
https://discurso360.com/palabras-de-agradecimiento-de-un-maestro-a-sus-alumnos/,2,72,2.78%,27.57
https://discurso360.com/carta-de-cumpleanos-para-mi-hijastro/,2,64,3.12%,42.33
https://discurso360.com/50-anos-cumpleanos-mujer/,2,57,3.51%,59.33
https://discurso360.com/palabras-de-inauguracion-de-un-evento-deportivo/,2,55,3.64%,22.27
https://discurso360.com/discurso-de-edward-cullen-en-su-boda-en-espanol/,2,52,3.85%,15.02
https://discurso360.com/palabras-para-presentar-en-sociedad-a-una-quinceanera/,2,50,4%,49.7
https://discurso360.com/palabras-de-presentacion-para-una-quinceanera/,2,48,4.17%,62.4
https://discurso360.com/palabras-para-brindis-de-graduacion-de-inicial/,2,46,4.35%,52.7
https://discurso360.com/frases-para-una-persona-que-cumple-50-anos/,2,44,4.55%,67.2
https://discurso360.com/discurso-para-un-bautizo-de-la-madre/,2,38,5.26%,31.26
https://discurso360.com/discursos-para-oratoria-en-primaria/,2,38,5.26%,51.21
https://discurso360.com/frases-de-despedida-de-carnaval/,2,35,5.71%,10.83
https://discurso360.com/palabras-a-una-quinceanera-de-su-tio/,2,34,5.88%,32.71
https://discurso360.com/frases-para-certamen-de-belleza/,2,33,6.06%,15.55
https://discurso360.com/discurso-de-padres-en-graduacion-de-bachillerato/,2,32,6.25%,66.78
https://discurso360.com/aniversario-empresa/,2,30,6.67%,30.13
https://discurso360.com/discurso-de-despedida-por-jubilacion/,2,30,6.67%,67.3
https://discurso360.com/palabras-de-bienvenida-para-inauguracion-de-una-obra/,2,26,7.69%,31.5
https://discurso360.com/palabras-para-la-boda-de-mi-hermana/,2,21,9.52%,56.9
https://discurso360.com/bienvenida-de-15-anos/,2,20,10%,43.95
https://discurso360.com/palabras-de-despedida-de-un-sacerdote-de-su-parroquia/,2,19,10.53%,51.68
https://discurso360.com/diferencia-entre-texto-y-discurso/,2,16,12.5%,43.94
https://discurso360.com/el-mejor-discurso-de-cumpleanos/,2,16,12.5%,75.44
https://discurso360.com/discurso-mantenedor-fallera-mayor-infantil/,2,14,14.29%,54.43
https://discurso360.com/discurso-de-madre-a-hija-en-su-boda/,2,12,16.67%,51.5
https://discurso360.com/recordatorio-de-primer-ano-de-fallecimiento/,2,12,16.67%,54.33
https://discurso360.com/cumple-80/,2,10,20%,44.2
https://discurso360.com/discurso-para-aniversario-de-colegio/,2,10,20%,68.6
https://discurso360.com/pensamientos-para-un-papa-que-murio/,2,10,20%,72.7
https://discurso360.com/cumpleanos-80/,2,8,25%,37.12
https://discurso360.com/feliz-cumpleanos-para-mi-tia-madrina/,2,7,28.57%,31
https://discurso360.com/discurso-boda-hermano-y-cunada/,2,7,28.57%,51.14
https://discurso360.com/blas-pinar-discurso/,2,6,33.33%,45.67
https://discurso360.com/reflexiones-al-cumplir-70-anos/,2,5,40%,14
https://discurso360.com/discurso-sobre-el-dia-de-la-bandera-de-mexico/,2,5,40%,39.4
https://discurso360.com/50-aniversario-de-escuela/,2,3,66.67%,67.33
https://discurso360.com/discurso-de-walt-disney/,2,2,100%,10
https://discurso360.com/carta-de-agradecimiento-para-mi-maestra/,1,328,0.3%,65.12
https://discurso360.com/palabras-de-despedida-de-un-ser-querido-fallecido/,1,171,0.58%,70.38
https://discurso360.com/frases-bonitas-para-una-madrina/,1,149,0.67%,37.78
https://discurso360.com/frases-para-dar-bienvenida/,1,146,0.68%,71.66
https://discurso360.com/frases-despedida-jubilacion-companero/,1,137,0.73%,62.52
https://discurso360.com/frases-para-graduados-de-primaria/,1,131,0.76%,61.17
https://discurso360.com/inauguracion-de-la-casa/,1,123,0.81%,8.99
https://discurso360.com/frases-para-fin-de-ano-escolar-primaria/,1,121,0.83%,68.63
https://discurso360.com/frases-para-despedir-a-una-companera-de-trabajo/,1,120,0.83%,61.19
https://discurso360.com/discurso-informativo-ejemplo-corto/,1,117,0.85%,65.84
https://discurso360.com/palabras-para-dedicar-a-una-quinceanera/,1,115,0.87%,70.63
https://discurso360.com/frases-padrino-bautizo/,1,109,0.92%,56.94
https://discurso360.com/discurso-boda-de-plata/,1,109,0.92%,82.42
https://discurso360.com/discurso-para-graduacion-de-universidad/,1,108,0.93%,77.17
https://discurso360.com/palabras-de-bienvenida-a-un-evento/,1,99,1.01%,68.38
https://discurso360.com/ejemplos-de-discursos-para-bodas-amigo/,1,85,1.18%,68.32
https://discurso360.com/palabras-de-despedida-de-clausura/,1,75,1.33%,50.81
https://discurso360.com/palabras-de-bienvenida-a-un-festival/,1,72,1.39%,44.97
https://discurso360.com/palabras-de-una-madrina-a-su-ahijada/,1,71,1.41%,43.07
https://discurso360.com/discursos-para-bodas-cortos/,1,71,1.41%,64.92
https://discurso360.com/discurso-de-candidata-a-reina-de-fiestas-patronales/,1,68,1.47%,13.38
https://discurso360.com/palabras-de-brindis/,1,68,1.47%,70.12
https://discurso360.com/discurso-de-felicitaciones-por-logros/,1,66,1.52%,67.12
https://discurso360.com/palabras-de-bienvenida-a-una-ceremonia/,1,66,1.52%,76.23
https://discurso360.com/palabras-para-un-ahijado-de-bautizo/,1,65,1.54%,64.03
https://discurso360.com/palabras-de-despedida-y-agradecimiento-cortas/,1,63,1.59%,65.6
https://discurso360.com/carta-a-un-graduado-de-primaria/,1,60,1.67%,51.63
https://discurso360.com/palabras-para-mi-hijo-en-su-graduacion-de-primaria/,1,59,1.69%,65.47
https://discurso360.com/palabras-de-despedida-de-un-jubilado-a-sus-companeros/,1,58,1.72%,70.29
https://discurso360.com/discurso-cura-boda-gracioso/,1,56,1.79%,58.93
https://discurso360.com/palabras-de-maestro-de-ceremonia-para-un-evento/,1,55,1.82%,25.02
https://discurso360.com/discurso-de-hitler-letra/,1,54,1.85%,67.63
https://discurso360.com/palabras-de-agradecimiento-por-un-homenaje/,1,53,1.89%,64.83
https://discurso360.com/frases-para-iniciar-un-discurso/,1,52,1.92%,67.85
https://discurso360.com/palabras-de-inauguracion-de-un-evento/,1,51,1.96%,78.61
https://discurso360.com/palabras-de-despedida-de-graduacion-de-bachillerato/,1,50,2%,76.5
https://discurso360.com/palabras-de-despedida-de-un-profesor-a-sus-companeros/,1,48,2.08%,62.21
https://discurso360.com/frases-de-agradecimiento-a-tu-esposa/,1,46,2.17%,54.98
https://discurso360.com/discurso-para-bodas-de-oro-de-mis-padres/,1,44,2.27%,62.91
https://discurso360.com/brindis-para-quinceanera/,1,44,2.27%,65.77
https://discurso360.com/palabras-de-bienvenida-para-baby-shower/,1,43,2.33%,46.21
https://discurso360.com/que-decir-en-un-desfile-de-modas/,1,42,2.38%,7.76
https://discurso360.com/discurso-para-quinceanera-de-su-padre/,1,41,2.44%,64.05
https://discurso360.com/discurso-de-bienvenida-a-un-evento-academico/,1,41,2.44%,74.73
https://discurso360.com/palabras-de-despedida-para-un-jubilado-docente/,1,39,2.56%,66.38
https://discurso360.com/palabras-de-brindis-de-honor-graduacion/,1,36,2.78%,56.92
https://discurso360.com/palabras-bienvenida-para-baby-shower-nina/,1,35,2.86%,58.94
https://discurso360.com/palabras-para-una-quinceanera-cristiana/,1,35,2.86%,62.34
https://discurso360.com/palabras-de-agradecimiento-a-un-sacerdote-amigo/,1,33,3.03%,67.61
https://discurso360.com/palabras-para-jubilados-despedida/,1,33,3.03%,68.27
https://discurso360.com/discurso-quinceanera-papa/,1,31,3.23%,45.61
https://discurso360.com/frases-para-una-hija-que-se-casa/,1,31,3.23%,61.39
https://discurso360.com/palabra-de-agradecimiento-de-una-quinceanera/,1,31,3.23%,66.29
https://discurso360.com/discurso-de-bienvenida-a-candidato-politico/,1,29,3.45%,12.48
https://discurso360.com/primer-aniversario-de-fallecimiento-frases/,1,29,3.45%,63.9
https://discurso360.com/corto-palabras-de-bienvenida-a-un-evento/,1,29,3.45%,75.07
https://discurso360.com/un-discurso-politico-corto/,1,29,3.45%,78.76
https://discurso360.com/madrina-de-copas-15-anos/,1,28,3.57%,17.96
https://discurso360.com/palabras-de-agradecimiento-en-un-funeral/,1,28,3.57%,55.75
https://discurso360.com/discurso-de-bienvenida-a-un-evento-escolar/,1,28,3.57%,75.04
https://discurso360.com/discurso-de-delegado-de-clase/,1,26,3.85%,19.5
https://discurso360.com/carta-para-un-profesor-de-agradecimiento-y-despedida/,1,26,3.85%,56.73
https://discurso360.com/frases-para-80-cumpleanos/,1,24,4.17%,55.5
https://discurso360.com/textos-para-bodas-de-oro-matrimoniales/,1,24,4.17%,65.62
https://discurso360.com/hijo-cumple-18-anos/,1,23,4.35%,62.09
https://discurso360.com/frases-de-reapertura-de-negocio/,1,22,4.55%,7.82
https://discurso360.com/la-novia-de-mi-hermano/,1,22,4.55%,14.14
https://discurso360.com/poemas-de-despedida-de-salida-de-sexto/,1,22,4.55%,52.05
https://discurso360.com/frases-para-reencuentro-de-promocion-de-colegio/,1,21,4.76%,18.62
https://discurso360.com/frases-cortas-aniversario-empresa/,1,21,4.76%,63.38
https://discurso360.com/palabras-aniversario-de-fallecimiento/,1,20,5%,53.4
https://discurso360.com/palabras-de-despedida-de-maestra-a-alumnos/,1,20,5%,74.85
https://discurso360.com/discurso-de-bodas-de-los-testigos-de-jehova/,1,19,5.26%,56.79
https://discurso360.com/palabras-de-agradecimiento-a-padres-de-familia-por-su-apoyo/,1,18,5.56%,55.11
https://discurso360.com/discurso-para-bautizo-del-padre/,1,17,5.88%,45.88
https://discurso360.com/agradecimiento-a-los-padres-de-mis-alumnos/,1,17,5.88%,62.35
https://discurso360.com/discursos-de-inauguracion-ejemplos/,1,17,5.88%,77.71
https://discurso360.com/palabras-para-mi-hija-que-cumple-15-anos/,1,17,5.88%,84.12
https://discurso360.com/carta-de-motivacion-para-un-futbolista/,1,16,6.25%,36.44
https://discurso360.com/palabras-para-egresados-nivel-inicial/,1,16,6.25%,49.69
https://discurso360.com/discurso-para-felicitar-a-un-graduado/,1,15,6.67%,59
https://discurso360.com/homenaje-postumo-ejemplo/,1,15,6.67%,59.13
https://discurso360.com/agradecimiento-por-aniversario-de-empresa/,1,15,6.67%,62.47
https://discurso360.com/discursos-para-ser-delegado-de-clase/,1,14,7.14%,14.07
https://discurso360.com/palabras-de-agradecimiento-por-inauguracion-de-obra/,1,14,7.14%,37.21
https://discurso360.com/discurso-de-inauguracion-de-un-evento/,1,14,7.14%,92.36
https://discurso360.com/agradecimiento-a-directora/,1,13,7.69%,42.31
https://discurso360.com/palabras-bonitas-para-mis-companeros-de-clase/,1,13,7.69%,43.46
https://discurso360.com/discurso-para-padrino-de-brindis-de-boda-corto/,1,13,7.69%,63.15
https://discurso360.com/carta-de-agradecimiento-de-una-madre-a-una-profesora/,1,12,8.33%,47.58
https://discurso360.com/palabras-de-despedida-bachillerato/,1,12,8.33%,48.92
https://discurso360.com/cumplir-60-anos-reflexiones/,1,12,8.33%,58.75
https://discurso360.com/carta-de-despedida-para-un-profesor/,1,12,8.33%,75.08
https://discurso360.com/palabras-para-un-graduado-de-secundaria/,1,12,8.33%,77
https://discurso360.com/palabras-de-inicio-de-un-evento/,1,12,8.33%,82.58
https://discurso360.com/discurso-de-toma-de-protesta-de-titulacion/,1,11,9.09%,36.73
https://discurso360.com/mensaje-de-adios-a-un-amigo/,1,11,9.09%,60.82
https://discurso360.com/discurso-dia-de-la-bandera/,1,11,9.09%,65.73
https://discurso360.com/discurso-para-el-dia-del-amor-y-la-amistad/,1,10,10%,40.9
https://discurso360.com/discurso-de-benito-juarez/,1,10,10%,49
https://discurso360.com/despedida-a-un-companero-de-trabajo-que-se-jubila/,1,10,10%,71.8
https://discurso360.com/discurso-de-bienvenida-ejemplo/,1,10,10%,76
https://discurso360.com/mama-de-quinceanera/,1,8,12.5%,36.88
https://discurso360.com/25-aniversario-empresa/,1,8,12.5%,38.75
https://discurso360.com/fallecimiento-agradecimiento-por-acompanarnos-en-nuestro-dolor/,1,8,12.5%,39.38
https://discurso360.com/palabras-del-padrino-a-la-quinceanera/,1,8,12.5%,57
https://discurso360.com/discurso-inauguracion-negocio/,1,8,12.5%,61
https://discurso360.com/como-convencer-a-las-masas/,1,7,14.29%,65
https://discurso360.com/frases-de-inauguracion-de-negocio/,1,7,14.29%,78.14
https://discurso360.com/palabras-de-bienvenida-a-un-nuevo-ano-escolar-ejemplos/,1,7,14.29%,85.14
https://discurso360.com/discurso-de-reina-estudiantil/,1,6,16.67%,45.67
https://discurso360.com/palabras-de-una-madre-a-su-hija-quinceanera/,1,6,16.67%,53
https://discurso360.com/discurso-boda-hermana/,1,6,16.67%,78.5
https://discurso360.com/palabras-de-bienvenida-a-un-evento-educativo/,1,6,16.67%,90.67
https://discurso360.com/frases-de-bienvenida-para-un-evento/,1,6,16.67%,98.17
https://discurso360.com/bodas-de-60-anos/,1,5,20%,11.2
https://discurso360.com/felices-70-anos/,1,5,20%,24
https://discurso360.com/palabras-de-la-madre-para-los-novios/,1,5,20%,49
https://discurso360.com/discurso-de-inauguracion-de-ano-escolar/,1,5,20%,51
https://discurso360.com/discurso-de-oratoria-sobre-educacion/,1,5,20%,59.4
https://discurso360.com/funeral-cristiano/,1,5,20%,71.8
https://discurso360.com/discurso-para-alguien-que-se-jubila/,1,4,25%,25
https://discurso360.com/palabras-de-brindis-de-cumpleanos/,1,4,25%,26.75
https://discurso360.com/poemas-para-la-clausura-del-ano-escolar/,1,4,25%,46.25
https://discurso360.com/discurso-para-una-boda-de-un-familiar/,1,4,25%,57.25
https://discurso360.com/los-mejores-discursos-sobre-la-amistad/,1,4,25%,58.25
https://discurso360.com/felices-50-anos/,1,4,25%,71
https://discurso360.com/discurso-de-bienvenida-a-un-evento/,1,4,25%,72.25
https://discurso360.com/discurso-de-despedida-del-profesor-a-sus-alumnos/,1,3,33.33%,56
https://discurso360.com/mensajes-de-agradecimiento-por-mi-cumpleanos/,1,3,33.33%,93.67
https://discurso360.com/el-orden-del-discurso/,1,2,50%,31.5
https://discurso360.com/discurso-de-graduacion-preparatoria/,1,2,50%,33
https://discurso360.com/discurso-para-brindis-de-boda-religiosa/,1,2,50%,33.5
https://discurso360.com/palabras-de-la-cumpleanera/,1,2,50%,49
https://discurso360.com/discurso-a-la-bandera-mexicana/,1,2,50%,61
https://discurso360.com/textos-para-un-padre-en-su-cumpleanos/,1,2,50%,63.5
https://discurso360.com/discurso-blas-pinar-viva-cristo-rey/,1,1,100%,14
https://discurso360.com/cual-es-el-objetivo-de-un-discurso/,1,1,100%,20
https://discurso360.com/palabras-de-despedida-para-alumnos-de-preparatoria/,1,1,100%,25
https://discurso360.com/doy-gracias-por-mi-familia/,1,1,100%,26
https://discurso360.com/hermana-mayor-cumpleanos/,1,1,100%,34
https://discurso360.com/discurso-de-graduacion-profesor/,1,1,100%,35
https://discurso360.com/bodas-de-diamante-60-anos/,1,1,100%,44
https://discurso360.com/comentario-de-texto-descartes-discurso-del-metodo-parte-2-resuelto-2/,1,1,100%,56
https://discurso360.com/discurso-de-bienvenida-primer-dia-de-clases/,1,1,100%,56
https://discurso360.com/discurso-mantenedor-fallera-mayor/,1,1,100%,65
https://discurso360.com/discurso-de-fin-de-curso-de-medicina/,1,1,100%,86
https://discurso360.com/en-memoria-de-un-amigo-fallecido/,1,1,100%,91
https://discurso360.com/frases-para-despedir-a-un-companero-de-trabajo/,0,365,0%,67.58
https://discurso360.com/frases-de-agradecimiento-por-mi-cumple/,0,318,0%,78.25
https://discurso360.com/palabras-para-un-hijo-graduado-de-primaria/,0,310,0%,64.7
https://discurso360.com/discurso-empresarial-ejemplo/,0,283,0%,56.51
https://discurso360.com/discurso-solemne-y-enardecedor-crucigrama/,0,259,0%,8.42
https://discurso360.com/discursos-boda-amiga/,0,247,0%,78.26
https://discurso360.com/palabras-para-mi-hija-graduada-de-primaria/,0,208,0%,63.31
https://discurso360.com/palabras-de-un-maestro-de-ceremonia-para-una-boda/,0,186,0%,71.46
https://discurso360.com/palabras-de-despedidas-a-un-companero-de-trabajo/,0,182,0%,69.7
https://discurso360.com/discursos-bodas-civiles-originales/,0,174,0%,80.57
https://discurso360.com/frases-para-felicitar-a-graduados/,0,158,0%,69.21
https://discurso360.com/frases-cortas-de-graduacion-para-ninos-de-preescolar/,0,154,0%,49.53
https://discurso360.com/brindis-matrimonio-ejemplos/,0,154,0%,84.23
https://discurso360.com/ejemplo-de-discurso-social-corto/,0,152,0%,84.13
https://discurso360.com/texto-de-despedida-a-una-amiga-fallecida/,0,146,0%,57.54
https://discurso360.com/palabras-de-despedida-para-graduados-primaria/,0,142,0%,73.26
https://discurso360.com/frase-para-despedir-un-amigo/,0,141,0%,72.55
https://discurso360.com/frases-bonitas-para-una-ahijada-en-su-cumpleanos/,0,133,0%,59.82
https://discurso360.com/palabras-de-despedida-para-ninos-de-preescolar-que-se-graduan/,0,132,0%,67.7
https://discurso360.com/ejemplos-de-discursos-de-graduacion/,0,132,0%,72.88
https://discurso360.com/frases-de-despedida-para-alumnos-de-secundaria/,0,127,0%,64.61
https://discurso360.com/frases-de-despedida-para-una-profesora/,0,125,0%,62.86
https://discurso360.com/frases-de-despedida-a-egresados-secundaria/,0,117,0%,68.61
https://discurso360.com/palabras-de-despedida-de-alumnos-egresados-de-secundaria/,0,115,0%,77.68
https://discurso360.com/texto-boda-civil-oficiada-por-amigos/,0,115,0%,77.94
https://discurso360.com/bonitas-frases-de-reencuentro/,0,111,0%,53.23
https://discurso360.com/palabras-para-felicitar-a-un-amigo-por-su-cumple/,0,110,0%,66.97
https://discurso360.com/palabras-de-felicitaciones-por-logros/,0,110,0%,73.46
https://discurso360.com/ejemplos-discursos-de-boda/,0,108,0%,82.56
https://discurso360.com/discurso-para-bodas-de-plata/,0,107,0%,66.17
https://discurso360.com/maestro-de-ceremonias-boda/,0,107,0%,77.57
https://discurso360.com/discurso-para-brindis-de-boda-gratis/,0,107,0%,78.6
https://discurso360.com/discurso-maestro-de-ceremonias-boda/,0,106,0%,68.92
https://discurso360.com/palabras-de-despedida-para-alumnos-de-preescolar/,0,101,0%,63.79
https://discurso360.com/frases-para-el-novio-de-mi-hermana/,0,99,0%,9.69
https://discurso360.com/como-terminar-un-discurso-de-graduacion/,0,99,0%,75.67
https://discurso360.com/feliz-cumple-mi-esposa/,0,97,0%,79.14
https://discurso360.com/frases-para-una-final-de-futbol/,0,96,0%,16.5
https://discurso360.com/parte-inicial-de-un-discurso-o-escrito/,0,95,0%,9.41
https://discurso360.com/palabras-de-clausura-del-ano-escolar/,0,94,0%,63.55
https://discurso360.com/frases-despedida-de-jubilacion/,0,91,0%,65.49
https://discurso360.com/frases-agradecimiento-profesora-infantil/,0,90,0%,63.48
https://discurso360.com/frases-para-graduados-de-bachiller/,0,89,0%,56.53
https://discurso360.com/palabras-de-clausura-de-ciclo-escolar/,0,89,0%,71.53
https://discurso360.com/dedicatoria-frase-de-madrina-a-ahijado/,0,88,0%,59.52
https://discurso360.com/discurso-para-boda-de-un-amigo/,0,88,0%,65.43
https://discurso360.com/frases-para-ex-companeros-de-colegio/,0,87,0%,16.79
https://discurso360.com/lista-de-padrinos-para-fiesta-de-xv-anos/,0,87,0%,54.72
https://discurso360.com/motivacion-para-seguir-estudiando/,0,87,0%,71.08
https://discurso360.com/despedida-de-alumnos-de-secundaria/,0,87,0%,77.59
https://discurso360.com/frases-para-despedida-de-una-amiga/,0,86,0%,63.64
https://discurso360.com/palabras-de-despedida-para-ninos-de-preescolar-de-su-maestra/,0,86,0%,69.3
https://discurso360.com/brindis-de-navidad/,0,85,0%,74.93
https://discurso360.com/ejemplos-de-informar/,0,85,0%,75.32
https://discurso360.com/palabras-de-agradecimiento-por-apoyo-economico/,0,84,0%,62.45
https://discurso360.com/15-ejemplos-de-discursos-cortos/,0,84,0%,75.32
https://discurso360.com/ejemplos-de-convencer/,0,83,0%,84
https://discurso360.com/frases-para-esquelas-de-aniversario-luctuoso/,0,79,0%,58.42
https://discurso360.com/graduacion-preescolar-frases-para-graduados-de-kinder/,0,79,0%,58.42
https://discurso360.com/frases-de-cumple-para-una-ahijada/,0,78,0%,52.95
https://discurso360.com/frases-para-revelacion-de-genero/,0,77,0%,32.68
https://discurso360.com/mensaje-de-graduacion-para-mi-hija/,0,77,0%,76.1
https://discurso360.com/frase-de-agradecimiento-por-apoyo/,0,76,0%,65.54
https://discurso360.com/despedida-a-un-padre-fallecido/,0,75,0%,65.91
https://discurso360.com/palabras-de-los-padrinos-de-bautizo/,0,75,0%,72.73
https://discurso360.com/mensaje-de-agradecimiento-a-un-profesor/,0,75,0%,76.35
https://discurso360.com/frases-de-agradecimientos-de-graduacion/,0,74,0%,66.93
https://discurso360.com/reconocimiento-frases-de-agradecimiento-laboral/,0,74,0%,85.45
https://discurso360.com/discurso-padrino-bautizo/,0,73,0%,57.41
https://discurso360.com/carta-para-cumpleanos-de-una-madre/,0,73,0%,87.75
https://discurso360.com/mensaje-de-despedida-de-trabajo/,0,72,0%,75.71
https://discurso360.com/palabras-de-agradecimiento-a-dios-por-mi-graduacion/,0,71,0%,52.13
https://discurso360.com/frases-para-mis-padres-de-agradecimiento/,0,71,0%,61.63
https://discurso360.com/frases-despedida-a-un-amigo/,0,71,0%,76.77
https://discurso360.com/a-mi-hijo-en-su-boda/,0,70,0%,62.09
https://discurso360.com/agradecimiento-a-la-empresa-donde-trabajo/,0,68,0%,72.01
https://discurso360.com/frases-para-graduados-de-secundaria/,0,67,0%,57.75
https://discurso360.com/el-discurso-narrativo-y-sus-elementos/,0,67,0%,65.34
https://discurso360.com/adios-a-una-amiga-fallecida/,0,67,0%,67.85
https://discurso360.com/palabras-de-agradecimiento-para-mi-graduacion/,0,67,0%,72.3
https://discurso360.com/palabras-de-despedida-preescolar/,0,67,0%,72.4
https://discurso360.com/palabras-de-una-madrina/,0,66,0%,60.38
https://discurso360.com/chiste-en-discurso-directo-e-indirecto/,0,64,0%,40.7
https://discurso360.com/discurso-oficiante-boda-civil/,0,63,0%,80.24
https://discurso360.com/frases-de-agradecimiento-a-padres-de-familia-de-preescolar/,0,62,0%,56.87
https://discurso360.com/palabras-de-despedida-de-maestra-a-alumnos-de-preescolar/,0,62,0%,67.23
https://discurso360.com/clausura-de-fin-de-ciclo-escolar/,0,62,0%,74.47
https://discurso360.com/frases-de-despedida-de-la-escuela/,0,61,0%,56.75
https://discurso360.com/felicitaciones-de-graduacion-de-bachiller/,0,61,0%,64.64
https://discurso360.com/frases-para-bautizo-cortas/,0,60,0%,47.25
https://discurso360.com/frases-de-bienvenida-a-un-grupo/,0,60,0%,61.43
https://discurso360.com/palabras-de-despedida-de-graduacion-de-preescolar-por-la-directora/,0,60,0%,67.32
https://discurso360.com/palabras-para-clausurar-un-ciclo-escolar/,0,60,0%,69.02
https://discurso360.com/palabras-para-brindis-de-15-anos-cristianos/,0,59,0%,48.19
https://discurso360.com/aniversario-de-negocio-frases/,0,59,0%,61.95
https://discurso360.com/frases-para-despedir-a-un-jubilado/,0,59,0%,67.08
https://discurso360.com/despedida-de-trabajo-agradecimiento-a-companeros/,0,58,0%,68.45
https://discurso360.com/palabras-para-un-hijo-graduado/,0,58,0%,71.69
https://discurso360.com/frases-para-un-tio/,0,57,0%,51.37
https://discurso360.com/palabras-de-despedida-para-una-amiga-muy-especial/,0,57,0%,66.49
https://discurso360.com/frases-de-graduacion-para-mi-hija/,0,57,0%,72.19
https://discurso360.com/frase-de-despedida-de-un-companero-de-trabajo/,0,57,0%,77.53
https://discurso360.com/pedida-de-mano-discurso/,0,56,0%,55.64
https://discurso360.com/ejemplos-de-discursos-cortos-para-estudiantes/,0,56,0%,65.57
https://discurso360.com/agradecimiento-por-invitacion/,0,55,0%,48.44
https://discurso360.com/palabras-de-despedida-de-graduacion-de-preescolar/,0,55,0%,76.67
https://discurso360.com/palabras-de-brindis-para-una-quinceanera/,0,54,0%,67.57
https://discurso360.com/brindis-navideno/,0,54,0%,75.69
https://discurso360.com/frases-de-despedida-para-alumnos-egresados/,0,54,0%,75.91
https://discurso360.com/frases-de-madrina-a-ahijada/,0,53,0%,48.81
https://discurso360.com/discurso-gracioso-para-bodas-de-oro/,0,53,0%,68.75
https://discurso360.com/palabras-de-despedida-de-graduacion/,0,52,0%,66.71
https://discurso360.com/palabras-de-graduacion-preescolar/,0,51,0%,66.8
https://discurso360.com/frases-para-motivar-a-un-equipo-de-futbol/,0,50,0%,72.76
https://discurso360.com/frases-de-agradecimiento-a-un-amiga/,0,50,0%,81.62
https://discurso360.com/frases-de-despedida-de-una-maestra-a-sus-alumnos/,0,49,0%,66.88
https://discurso360.com/discurso-para-navidad-y-fin-de-ano/,0,49,0%,67.49
https://discurso360.com/palabras-de-agradecimiento-a-una-maestra-de-preescolar/,0,49,0%,76.53
https://discurso360.com/guion-boda-civil-graciosa/,0,49,0%,79.69
https://discurso360.com/palabras-de-un-padrino-a-su-ahijado-de-primera-comunion/,0,48,0%,53.08
https://discurso360.com/palabras-para-mis-abuelos-en-sus-bodas-de-oro/,0,48,0%,60.02
https://discurso360.com/frases-para-felicitar-un-bautizo/,0,47,0%,63.13
https://discurso360.com/palabras-de-despedida-de-graduacion-de-primaria-por-un-alumno/,0,47,0%,69.68
https://discurso360.com/felicidades-frases-para-felicitar-matrimonio/,0,47,0%,87.83
https://discurso360.com/10-ejemplos-de-lenguaje-literario/,0,46,0%,54.59
https://discurso360.com/temas-para-oratoria-juvenil/,0,46,0%,61.17
https://discurso360.com/palabras-de-un-jubilado-a-sus-companeros/,0,46,0%,67.39
https://discurso360.com/palabras-de-agradecimiento-en-graduacion-de-preescolar/,0,46,0%,69.11
https://discurso360.com/que-es-el-discurso-literario/,0,46,0%,72.7
https://discurso360.com/palabras-para-bautizar/,0,45,0%,53
https://discurso360.com/brindis-de-bodas-de-plata/,0,45,0%,57.27
https://discurso360.com/palabras-para-alumnos-graduados/,0,45,0%,75.6
https://discurso360.com/frases-de-reencuentro/,0,45,0%,77.87
https://discurso360.com/discurso-para-brindis-de-15-anos/,0,45,0%,78.29
https://discurso360.com/discurso-padrino-boda-gracioso/,0,44,0%,70.27
https://discurso360.com/discurso-de-agradecimiento/,0,43,0%,65.47
https://discurso360.com/frases-de-agradecimiento-para-mi-esposo/,0,43,0%,78.65
https://discurso360.com/eslogan-para-ser-delegado-de-clase/,0,42,0%,24.48
https://discurso360.com/palabras-para-una-quinceanera-de-su-tia/,0,42,0%,24.62
https://discurso360.com/discurso-gracioso-de-despedida-por-jubilacion/,0,42,0%,59.48
https://discurso360.com/el-padrino-bautizo/,0,42,0%,72.6
https://discurso360.com/frases-de-agradecimiento-laboral-al-jefe/,0,42,0%,78.81
https://discurso360.com/queridos-amigos-feliz-aniversario-de-bodas-amigos/,0,42,0%,84.69
https://discurso360.com/frases-para-los-tios/,0,41,0%,63.39
https://discurso360.com/frases-de-graduacion-preescolar/,0,41,0%,68.51
https://discurso360.com/agradecimiento-frases-para-padrinos-de-bautizo/,0,41,0%,70.98
https://discurso360.com/palabras-de-despedida-para-una-profesora/,0,41,0%,71.41
https://discurso360.com/frases-cortas-de-bienvenida/,0,41,0%,71.46
https://discurso360.com/frases-para-reconocimientos-laborales/,0,41,0%,73.73
https://discurso360.com/palabras-de-agradecimiento-a-la-maestra-de-mi-hijo/,0,41,0%,75.22
https://discurso360.com/discurso-sobre-el-medio-ambiente/,0,40,0%,59.9
https://discurso360.com/palabras-para-pedir-que-sean-padrinos-de-bautizo/,0,40,0%,60.9
https://discurso360.com/ejemplos-discurso-boda-hermano/,0,40,0%,64.83
https://discurso360.com/palabras-para-un-graduado-universitario/,0,40,0%,80.75
https://discurso360.com/palabras-de-despedida-y-agradecimiento-laboral/,0,39,0%,68.85
https://discurso360.com/frases-de-despedida-para-una-maestra-jubilada/,0,39,0%,69.54
https://discurso360.com/discursos-de-graduacion-de-primaria/,0,39,0%,72.51
https://discurso360.com/palabras-de-agradecimiento-por-participacion-en-evento/,0,38,0%,55.03
https://discurso360.com/palabras-de-bienvenida-a-un-grupo/,0,38,0%,59.03
https://discurso360.com/palabras-para-un-brindis-de-agradecimiento/,0,38,0%,68.37
https://discurso360.com/frases-de-agradecimiento-y-despedida/,0,38,0%,72.32
https://discurso360.com/palabras-para-invitar-a-un-evento/,0,37,0%,57.43
https://discurso360.com/frases-para-despedir-un-ano-escolar/,0,37,0%,61.59
https://discurso360.com/discurso-de-jubilacion-con-humor/,0,37,0%,63.19
https://discurso360.com/poema-para-mi-hija-en-sus-15-anos/,0,37,0%,64.43
https://discurso360.com/agradecimiento-dia-del-maestro/,0,37,0%,72.81
https://discurso360.com/palabras-de-graduacion-bachillerato/,0,37,0%,75.59
https://discurso360.com/mensajes-de-fin-de-ano/,0,36,0%,54.25
https://discurso360.com/carta-de-agradecimiento-por-asistir-a-un-evento/,0,36,0%,56.28
https://discurso360.com/discursos-graciosos-de-boda/,0,36,0%,69.97
https://discurso360.com/frases-de-despedida-para-profesores-jubilados/,0,36,0%,70.58
https://discurso360.com/palabras-para-decir-en-un-funeral/,0,36,0%,73.19
https://discurso360.com/discursos-cortos-ejemplos/,0,36,0%,73.44
https://discurso360.com/corto-frases-de-despedida-a-una-maestra/,0,36,0%,74.06
https://discurso360.com/palabras-de-agradecimiento-a-una-profesora/,0,36,0%,74.17
https://discurso360.com/frases-para-xv-aneras/,0,36,0%,78.06
https://discurso360.com/en-el-segundo-discurso-de-pedro-cuantos-se-convirtieron/,0,35,0%,15.51
https://discurso360.com/palabras-de-reconocimiento-por-anos-de-servicio/,0,35,0%,41.57
https://discurso360.com/carta-de-agradecimiento-de-una-maestra-a-los-padres/,0,35,0%,51.14
https://discurso360.com/discurso-de-clausura-primaria/,0,35,0%,66.94
https://discurso360.com/palabras-de-despedida-de-graduacion-de-secundaria-por-un-alumno/,0,35,0%,71.11
https://discurso360.com/poemas-de-despedida-de-graduacion-de-primaria-cortos/,0,34,0%,55.24
https://discurso360.com/frases-de-agradecimiento-de-graduacion-a-mis-padres/,0,34,0%,58.15
https://discurso360.com/frases-despedida-alumnos/,0,34,0%,76.82
https://discurso360.com/discursos-de-agradecimiento-cortos/,0,34,0%,79.65
https://discurso360.com/como-presentar-a-un-ponente-en-una-conferencia/,0,33,0%,50.39
https://discurso360.com/palabras-de-agradecimiento-de-un-bautizo/,0,33,0%,69.36
https://discurso360.com/discurso-boda-amiga-gracioso/,0,33,0%,74.97
https://discurso360.com/palabras-de-graduacion-para-mi-nieto/,0,32,0%,33.38
https://discurso360.com/palabras-de-agradecimiento-a-un-padre-ejemplar/,0,32,0%,44.31
https://discurso360.com/palabras-de-padrino-de-generacion-primaria/,0,32,0%,61.56
https://discurso360.com/mensajes-de-felicitaciones-por-logros-obtenidos/,0,32,0%,72.66
https://discurso360.com/recordando-a-mi-padre-fallecido/,0,32,0%,73.25
https://discurso360.com/palabras-de-despedida-y-agradecimiento-a-una-maestra/,0,32,0%,73.28
https://discurso360.com/mensaje-de-graduacion-preescolar/,0,32,0%,74.72
https://discurso360.com/palabras-de-agradecimiento-por-invitacion-a-un-evento/,0,31,0%,50.52
https://discurso360.com/palabras-de-agradecimiento-a-mi-hermana-por-su-apoyo/,0,31,0%,56.55
https://discurso360.com/despedida-de-madre-fallecida/,0,31,0%,70.39
https://discurso360.com/el-mejor-discurso-de-padrino-de-bautizo/,0,31,0%,72.71
https://discurso360.com/mensaje-de-despedida-de-graduacion/,0,31,0%,74.19
https://discurso360.com/palabras-para-agradecimiento/,0,31,0%,76.1
https://discurso360.com/gracias-por-acompanarnos-bautizo/,0,30,0%,62.1
https://discurso360.com/discurso-de-navidad-para-ninos/,0,30,0%,65.77
https://discurso360.com/frases-de-agradecimiento-a-mis-padres-por-darme-la-vida/,0,30,0%,65.77
https://discurso360.com/clausura-escolar/,0,30,0%,67.57
https://discurso360.com/palabras-de-despedida-para-egresados-de-preescolar/,0,30,0%,70.9
https://discurso360.com/palabras-de-despedida-para-graduados/,0,30,0%,76.63
https://discurso360.com/dar-gracias-a-una-amiga/,0,30,0%,83.07
https://discurso360.com/frases-para-agradecer-por-mi-cumpleanos/,0,30,0%,85.83
https://discurso360.com/mensaje-a-graduandos/,0,30,0%,88.4
https://discurso360.com/palabras-de-bienvenida-para-presentar-un-proyecto/,0,29,0%,43.24
https://discurso360.com/brindis-aniversario/,0,29,0%,50.62
https://discurso360.com/frases-de-agradecimiento-a-dios-por-mis-padres/,0,29,0%,51.59
https://discurso360.com/discurso-rocky-a-su-hijo/,0,29,0%,57.17
https://discurso360.com/frases-bodas-de-oro-de-nietos-a-abuelos/,0,29,0%,63.93
https://discurso360.com/mensaje-de-despedida-a-alumnos-de-sexto-grado/,0,29,0%,65.21
https://discurso360.com/ideas-para-clausura-preescolar/,0,29,0%,70.14
https://discurso360.com/palabras-de-bienvenida-dia-de-la-madre/,0,29,0%,71.66
https://discurso360.com/palabras-de-aliento-para-un-funeral-cristiano/,0,29,0%,73.79
https://discurso360.com/palabras-de-despedida-para-alumnos-de-primaria-por-el-maestro/,0,29,0%,73.86
https://discurso360.com/presentacion-de-un-libro-ejemplos/,0,29,0%,75.59
https://discurso360.com/palabras-de-despedida-de-alumnos-a-profesores/,0,29,0%,80.1
https://discurso360.com/discurso-de-entretenimiento-ejemplo/,0,28,0%,13.39
https://discurso360.com/palabras-para-ceremonia-de-entrega-de-diplomas/,0,28,0%,24.57
https://discurso360.com/palabras-de-bienvenida-a-un-grupo-de-amigos/,0,28,0%,50.29
https://discurso360.com/carta-de-agradecimiento-a-un-grupo-de-amigos/,0,28,0%,61.36
https://discurso360.com/agradecimiento-a-profesores/,0,28,0%,69.11
https://discurso360.com/palabras-de-agradecimiento-a-dios-por-mi-bautizo/,0,28,0%,71.14
https://discurso360.com/discurso-de-fin-de-ano-empresarial/,0,28,0%,76.82
https://discurso360.com/discurso-para-despedir-a-un-difunto/,0,28,0%,80.5
https://discurso360.com/ejemplos-de-discursos-politicos-cortos/,0,28,0%,83.5
https://discurso360.com/discurso-de-inauguracion-de-obra/,0,27,0%,30.48
https://discurso360.com/frases-de-agradecimiento-para-un-entrenador-de-futbol/,0,27,0%,45.33
https://discurso360.com/discurso-brindis-graduacion/,0,27,0%,52.26
https://discurso360.com/mensaje-de-despedida-laboral/,0,27,0%,56.81
https://discurso360.com/poemas-de-graduacion-de-primaria/,0,27,0%,73.56
https://discurso360.com/palabras-de-agradecimiento-para-finalizar-un-curso/,0,26,0%,32.46
https://discurso360.com/palabras-de-agradecimiento-a-los-invitados/,0,26,0%,53.65
https://discurso360.com/mensaje-de-bienvenida-a-casa/,0,26,0%,54.92
https://discurso360.com/agradecimiento-carta-para-mi-maestra-de-despedida/,0,26,0%,55.46
https://discurso360.com/frases-de-despedida-de-graduacion-de-primaria/,0,26,0%,69.27
https://discurso360.com/palabras-de-agradecimiento-de-graduacion-de-maestria/,0,26,0%,72.85
https://discurso360.com/discursos-bodas-de-oro/,0,26,0%,73.38
https://discurso360.com/dar-la-bienvenida-a-un-evento/,0,26,0%,75.54
https://discurso360.com/despedida-de-graduacion-de-secundaria/,0,26,0%,77.46
https://discurso360.com/palabras-reconocimiento-por-excelente-trabajo/,0,26,0%,80.96
https://discurso360.com/palabras-de-agradecimiento-por-baby-shower/,0,25,0%,54.44
https://discurso360.com/palabras-de-despedida-preescolar-maestra/,0,25,0%,54.96
https://discurso360.com/que-significa-sonar-con-boda-ajena/,0,25,0%,55.04
https://discurso360.com/palabras-de-bienvenida-inicio-de-clases-secundaria/,0,25,0%,58.08
https://discurso360.com/frases-para-felicitar-a-un-estudiante-por-sus-logros/,0,25,0%,64.84
https://discurso360.com/mensajes-de-agradecimiento-amigos/,0,25,0%,68.32
https://discurso360.com/mensaje-de-despedida-de-ano/,0,25,0%,71.04
https://discurso360.com/category/gratitud/,0,25,0%,72.84
https://discurso360.com/palabras-para-despedir-el-ano/,0,25,0%,75.24
https://discurso360.com/frases-de-despedida-a-un-trabajador/,0,25,0%,76.32
https://discurso360.com/palabras-de-bienvenida-graduacion-preescolar/,0,25,0%,79.44
https://discurso360.com/ejemplos-discurso-boda-amigos/,0,25,0%,84.08
https://discurso360.com/palabras-de-un-gerente-a-sus-empleados/,0,25,0%,86.84
https://discurso360.com/frases-de-brindis-por-la-vida/,0,24,0%,46.71
https://discurso360.com/entrada-de-la-quinceanera-y-su-corte-de-honor/,0,24,0%,55.04
https://discurso360.com/palabras-de-agradecimiento-y-despedida-a-un-profesor/,0,24,0%,56.92
https://discurso360.com/gracias-por-su-apoyo/,0,24,0%,65.38
https://discurso360.com/discurso-de-miguel-hidalgo/,0,24,0%,67.25
https://discurso360.com/discursos-de-graduacion/,0,24,0%,68.21
https://discurso360.com/discurso-bodas-de-oro/,0,24,0%,69.62
https://discurso360.com/clausura-de-fin-de-curso-primaria/,0,24,0%,73.58
https://discurso360.com/palabras-de-bien-bienvenida/,0,24,0%,81.25
https://discurso360.com/frases-de-agradecimiento-por-apoyo-en-momentos-dificiles/,0,24,0%,85.5
https://discurso360.com/texto-maestro-de-ceremonia-boda-fiesta/,0,24,0%,90.58
https://discurso360.com/programa-de-ceremonia-de-graduacion-de-preescolar/,0,23,0%,53.26
https://discurso360.com/despedida-jubilacion-companero/,0,23,0%,65.78
https://discurso360.com/palabras-de-agradecimiento-por-felicitaciones-recibidas/,0,23,0%,68.17
https://discurso360.com/carta-para-una-quinceanera/,0,23,0%,74.87
https://discurso360.com/caracteristicas-del-discurso-narrativo/,0,23,0%,78.39
https://discurso360.com/discurso-oratorio-ejemplo/,0,23,0%,78.48
https://discurso360.com/poemas-de-bodas-de-oro-para-mis-padres/,0,23,0%,82.22
https://discurso360.com/palabras-de-felicitacion-para-ninos-de-preescolar/,0,22,0%,37.05
https://discurso360.com/agradecimiento-de-graduacion-a-mi-familia/,0,22,0%,52.18
https://discurso360.com/palabras-de-agradecimiento-a-los-docentes-por-su-labor/,0,22,0%,67.86
https://discurso360.com/discurso-de-cierre-de-curso/,0,22,0%,68.5
https://discurso360.com/agradecimiento-a-madrina-de-bautizo/,0,22,0%,68.59
https://discurso360.com/mensajes-de-reconocimiento-laboral/,0,22,0%,73.5
https://discurso360.com/palabras-de-despedida-para-maestros-jubilados/,0,22,0%,73.68
https://discurso360.com/ceremonia-de-graduacion-de-primaria/,0,22,0%,76.36
https://discurso360.com/ideas-para-dar-la-bienvenida-a-alguien/,0,22,0%,81.36
https://discurso360.com/palabras-para-una-despedida-de-soltera/,0,21,0%,44
https://discurso360.com/chiste-en-discurso-directo-para-ninos/,0,21,0%,55.95
https://discurso360.com/discurso-pequeno-sobre-el-medio-ambiente/,0,21,0%,61.43
https://discurso360.com/palabras-de-agradecimiento-a-un-amigo-por-su-apoyo/,0,21,0%,67.33
https://discurso360.com/palabras-de-despedida-para-6-ano-primaria/,0,21,0%,73.67
https://discurso360.com/frases-para-felicitar-a-un-graduado/,0,21,0%,78.19
https://discurso360.com/mensaje-de-despedida-a-los-alumnos/,0,21,0%,80.05
https://discurso360.com/discurso-en-ceremonia-de-graduacion/,0,21,0%,82.1
https://discurso360.com/frases-de-bienvenida-a-un-familiar/,0,20,0%,20.4
https://discurso360.com/feliz-cumpleanos-madrina-frases/,0,20,0%,49.2
https://discurso360.com/palabras-de-agradecimiento-acto-escolar/,0,20,0%,61
https://discurso360.com/reconocimiento-laboral-frases/,0,20,0%,69.2
https://discurso360.com/hermosa-quinceanera/,0,20,0%,69.5
https://discurso360.com/palabras-para-mi-hijo-que-se-gradua-de-primaria/,0,20,0%,74.75
https://discurso360.com/discurso-boda-amiga/,0,20,0%,74.8
https://discurso360.com/carta-de-agradecimiento-a-un-profesor-ejemplo/,0,20,0%,74.85
https://discurso360.com/discurso-o-escrito-acre-y-violento/,0,19,0%,10
https://discurso360.com/palabras-de-agradecimiento-por-25-anos-de-trabajo/,0,19,0%,16.53
https://discurso360.com/discurso-para-las-15-velas/,0,19,0%,29.79
https://discurso360.com/palabras-para-entrega-de-reconocimientos-a-alumnos-destacados-en-primaria/,0,19,0%,50.84
https://discurso360.com/palabras-para-motivar-a-un-equipo-de-futbol/,0,19,0%,53.42
https://discurso360.com/agradecimiento-familiar/,0,19,0%,53.79
https://discurso360.com/brindis-para-xv-anos/,0,19,0%,66.53
https://discurso360.com/palabras-de-graduacion-cortas/,0,19,0%,66.53
https://discurso360.com/mensajes-para-graduados-de-primaria/,0,19,0%,67.68
https://discurso360.com/como-pedir-que-sean-padrinos-de-bautizo/,0,19,0%,68.63
https://discurso360.com/mensaje-de-fin-de-ano-escolar-para-ninos/,0,19,0%,69
https://discurso360.com/padrino-de-brindis-boda/,0,19,0%,69.89
https://discurso360.com/carta-de-agradecimiento-por-apoyo-institucional/,0,19,0%,72.21
https://discurso360.com/discurso-de-clausura-de-fin-de-ano-escolar/,0,19,0%,73.53
https://discurso360.com/gracias-por-tu-valioso-tiempo/,0,19,0%,77.63
https://discurso360.com/que-decir-en-una-pedida-de-mano/,0,19,0%,78.79
https://discurso360.com/bendiciones-en-tu-boda/,0,19,0%,80.16
https://discurso360.com/frases-celebres-de-aniversario-de-empresas/,0,19,0%,81.79
https://discurso360.com/frases-para-anunciar-que-sera-nina/,0,18,0%,31.67
https://discurso360.com/palabras-de-agradecimiento-de-un-nino-de-preescolar/,0,18,0%,48.89
https://discurso360.com/discurso-descriptivo/,0,18,0%,54
https://discurso360.com/poemas-para-graduados-de-primaria/,0,18,0%,60.11
https://discurso360.com/discurso-para-brindis-de-boda-cortos/,0,18,0%,62.44
https://discurso360.com/mensajes-para-clausura/,0,18,0%,72.11
https://discurso360.com/programa-de-graduacion-preescolar/,0,18,0%,78.22
https://discurso360.com/discurso-amigas-de-la-novia/,0,18,0%,80.89
https://discurso360.com/frases-de-despedida-para-alumnos-de-primaria/,0,18,0%,81.56
https://discurso360.com/discurso-de-graduacion-corto/,0,18,0%,88.22
https://discurso360.com/discurso-estetico/,0,17,0%,22.76
https://discurso360.com/agradecimiento-discurso-de-despedida-corto/,0,17,0%,63.12
https://discurso360.com/palabras-de-agradecimiento-de-una-quinceanera-en-su-fiesta/,0,17,0%,63.59
https://discurso360.com/discurso-de-bienvenida-corto/,0,17,0%,63.71
https://discurso360.com/ninos-graduados-de-primaria/,0,17,0%,70.18
https://discurso360.com/frases-para-estudiantes-que-se-graduan/,0,17,0%,72.59
https://discurso360.com/palabras-de-despedida-a-un-director-que-se-jubila/,0,17,0%,74.41
https://discurso360.com/agradecimiento-por-apoyo/,0,17,0%,74.82
https://discurso360.com/frases-para-un-padre-fallecido-de-su-hija/,0,17,0%,75.59
https://discurso360.com/frase-de-agradecimiento-a-un-companero-de-trabajo/,0,17,0%,76.35
https://discurso360.com/gracias-palabras-de-agradecimiento-por-apoyo/,0,17,0%,78.12
https://discurso360.com/agradecimiento-y-despedida-por-jubilacion/,0,17,0%,80.12
https://discurso360.com/palabras-de-bienvenida-y-agradecimiento/,0,17,0%,80.71
https://discurso360.com/discurso-motivacional-ejemplo/,0,17,0%,81.47
https://discurso360.com/que-es-un-speech-publicitario/,0,17,0%,81.94
https://discurso360.com/ejemplos-de-discursos/,0,17,0%,92
https://discurso360.com/discurso-de-aragorn-retorno-do-rei/,0,16,0%,37.75
https://discurso360.com/palabra-para-una-madre-en-su-cumpleanos/,0,16,0%,38.44
https://discurso360.com/palabras-de-despedida-de-secundaria-para-llorar/,0,16,0%,54.38
https://discurso360.com/mensaje-de-cumpleanos-para-mi-sobrina-ahijada/,0,16,0%,54.69
https://discurso360.com/discurso-de-vida-saludable/,0,16,0%,57.5
https://discurso360.com/frases-para-padrinos-de-boda/,0,16,0%,62
https://discurso360.com/palabras-para-despedir-a-una-maestra/,0,16,0%,66.75
https://discurso360.com/madrina-de-brindis-de-boda/,0,16,0%,69.75
https://discurso360.com/palabras-de-padres-a-una-quinceanera/,0,16,0%,70.75
https://discurso360.com/palabras-de-despedida-de-fin-de-curso/,0,16,0%,71.88
https://discurso360.com/agradecimiento-por-asistir-a-un-evento/,0,16,0%,75.62
https://discurso360.com/tipos-de-discurso-ejemplos/,0,16,0%,76.56
https://discurso360.com/feliz-aniversario-de-trabajo/,0,16,0%,77.25
https://discurso360.com/palabra-para-una-15-anera/,0,16,0%,80.94
https://discurso360.com/mensajes-para-graduados-de-universidad/,0,16,0%,85.81
https://discurso360.com/palabras-de-bienvenida-para-fiesta-de-50-anos/,0,15,0%,17.13
https://discurso360.com/palabras-de-ofrecimiento-de-un-programa-social/,0,15,0%,21.47
https://discurso360.com/frases-reencuentro-viejos-amigos/,0,15,0%,48.13
https://discurso360.com/frases-para-bodas-de-plata-para-amigos/,0,15,0%,55.27
https://discurso360.com/mensajes-de-feliz-ano-nuevo-para-empresas/,0,15,0%,68
https://discurso360.com/discursos-cortos-de-despedida-del-colegio/,0,15,0%,71.87
https://discurso360.com/discursos-de-alumnos-para-graduacion/,0,15,0%,74.4
https://discurso360.com/frases-de-agradecimiento-a-un-director-de-escuela/,0,15,0%,76.07
https://discurso360.com/feliz-cumple-18-anos-hijo/,0,15,0%,77.33
https://discurso360.com/frases-para-brindis-de-boda/,0,15,0%,77.6
https://discurso360.com/frases-para-bienvenida-de-baby-shower/,0,15,0%,78.8
https://discurso360.com/frases-de-un-ano-de-fallecimiento/,0,15,0%,80.13
https://discurso360.com/el-mejor-discurso-de-graduacion/,0,15,0%,80.4
https://discurso360.com/frases-de-despedida-para-maestros-que-se-jubilan/,0,15,0%,82
https://discurso360.com/palabras-de-bienvenida-cortas/,0,15,0%,87.87
https://discurso360.com/frases-de-agradecimiento-a-profesores-de-infantil/,0,15,0%,88.07
https://discurso360.com/gracias-por-abrirnos-las-puertas-de-tu-casa/,0,14,0%,11.79
https://discurso360.com/suelta-de-globos-significado/,0,14,0%,18.64
https://discurso360.com/discurso-para-reunion-familiar/,0,14,0%,28.36
https://discurso360.com/frases-inauguracion-local/,0,14,0%,40.57
https://discurso360.com/palabras-de-un-padre-a-su-hija-en-su-cumpleanos/,0,14,0%,55.93
https://discurso360.com/palabras-de-agradecimiento-para-alguien-que-se-jubila/,0,14,0%,63.07
https://discurso360.com/frases-de-despedida-de-trabajo-agradecimiento/,0,14,0%,63.36
https://discurso360.com/discurso-religioso-ejemplo-corto/,0,14,0%,64.36
https://discurso360.com/frases-para-fin-de-ano-escolar-cortas/,0,14,0%,65.21
https://discurso360.com/frases-de-jubilacion-para-un-companero-de-trabajo/,0,14,0%,69.86
https://discurso360.com/frases-de-despedida-para-graduacion/,0,14,0%,73.57
https://discurso360.com/graduaciones-de-preescolar/,0,14,0%,75.21
https://discurso360.com/frases-de-agradecimiento-a-un-amigo-muy-especial/,0,14,0%,78.07
https://discurso360.com/presentacion-de-un-libro-por-su-autor/,0,14,0%,78.79
https://discurso360.com/felicitaciones-por-aniversario-de-trabajo/,0,14,0%,79.79
https://discurso360.com/palabras-de-agradecimiento-a-un-amigo/,0,14,0%,80.43
https://discurso360.com/frases-para-despedir-a-una-madre-fallecida/,0,14,0%,80.57
https://discurso360.com/palabras-para-una-boda-civil/,0,14,0%,82.29
https://discurso360.com/palabras-para-un-graduado-de-primaria/,0,14,0%,83.14
https://discurso360.com/brindis-de-15-anos/,0,14,0%,84.21
https://discurso360.com/discurso-boda-primo-gracioso/,0,14,0%,88.43
https://discurso360.com/palabras-de-agradecimiento-en-un-concurso-de-belleza/,0,13,0%,8.92
https://discurso360.com/palabras-de-agradecimiento-a-fundadores/,0,13,0%,10.69
https://discurso360.com/felicitaciones-de-graduacion-para-mi-nieta/,0,13,0%,24.54
https://discurso360.com/discurso-para-baby-shower/,0,13,0%,46.38
https://discurso360.com/discurso-accion-de-gracias-boda-religiosa/,0,13,0%,50.46
https://discurso360.com/chistes-en-discurso-indirecto-para-ninos-de-primaria/,0,13,0%,53.77
https://discurso360.com/temas-de-discurso-informativo/,0,13,0%,53.92
https://discurso360.com/agradecer-a-un-companero-de-trabajo/,0,13,0%,56.31
https://discurso360.com/palabras-de-felicitaciones-a-un-graduado-universitario/,0,13,0%,59.69
https://discurso360.com/ejemplo-de-guion-para-maestro-de-ceremonias-de-una-conferencia/,0,13,0%,60.69
https://discurso360.com/frases-de-graduacion-de-secundaria-que-haga-llorar/,0,13,0%,62.31
https://discurso360.com/dedicatoria-a-mis-padres-por-su-apoyo-en-mis-estudios/,0,13,0%,64.46
https://discurso360.com/palabras-de-bienvenida-a-un-nuevo-ciclo-escolar-secundaria/,0,13,0%,67.23
https://discurso360.com/palabras-de-despedida-de-graduacion-cortas/,0,13,0%,67.92
https://discurso360.com/brindis-de-fin-de-ano/,0,13,0%,68.08
https://discurso360.com/discurso-de-despedida-escolar-corto/,0,13,0%,68.69
https://discurso360.com/frases-para-despedir-a-un-profesor/,0,13,0%,68.69
https://discurso360.com/palabras-de-despedida-para-preescolar-por-un-nino/,0,13,0%,68.69
https://discurso360.com/frases-cumple-18/,0,13,0%,68.92
https://discurso360.com/palabras-de-despedida-para-un-amigo-que-ha-muerto/,0,13,0%,71.15
https://discurso360.com/palabras-de-despedida-para-ninos-que-terminan-la-primaria/,0,13,0%,73.46
https://discurso360.com/frases-para-dedicar-a-un-graduado/,0,13,0%,76.46
https://discurso360.com/lecturas-para-bodas-de-oro/,0,13,0%,76.54
https://discurso360.com/gracias-profe-por-ensenarme/,0,13,0%,76.77
https://discurso360.com/palabras-de-despedida-de-graduacion-para-ninos-de-preescolar/,0,13,0%,78.62
https://discurso360.com/frases-motivacion-futbol/,0,13,0%,79.38
https://discurso360.com/discurso-para-50-aniversario-bodas-de-oro/,0,13,0%,80.62
https://discurso360.com/padrino-de-brindis/,0,13,0%,84.31
https://discurso360.com/cuales-son-las-partes-de-un-discurso/,0,13,0%,87.85
https://discurso360.com/frases-para-mi-mejor-amigo-que-fallecio/,0,13,0%,90
https://discurso360.com/palabras-de-agradecimiento-a-mi-esposo/,0,13,0%,92.92
https://discurso360.com/arte-de-pronunciar-correctamente/,0,12,0%,20.83
https://discurso360.com/palabras-de-agradecimiento-al-presidente-por-su-apoyo/,0,12,0%,21
https://discurso360.com/discursos-de-graduacion-graciosos/,0,12,0%,28.42
https://discurso360.com/discurso-audiovisual-concepto/,0,12,0%,32.33
https://discurso360.com/palabras-de-agradecimiento-por-antiguedad-laboral/,0,12,0%,37.67
https://discurso360.com/palabras-de-una-madre-para-una-quinceanera/,0,12,0%,41.58
https://discurso360.com/feliz-60-cumpleanos-amiga/,0,12,0%,44.5
https://discurso360.com/discurso-de-graduacion-de-bachillerato-del-director/,0,12,0%,54.5
https://discurso360.com/como-festejar-tus-40-anos/,0,12,0%,54.67
https://discurso360.com/frases-para-un-lider-de-agradecimiento/,0,12,0%,55.5
https://discurso360.com/palabras-para-pedir-mano-novia-padres/,0,12,0%,56.58
https://discurso360.com/bachiller-frases-de-graduacion/,0,12,0%,57.08
https://discurso360.com/como-redactar-una-carta-de-agradecimiento-a-una-institucion/,0,12,0%,61.33
https://discurso360.com/frases-para-companeros-de-clase-despedida/,0,12,0%,61.58
https://discurso360.com/palabras-de-despedida-para-un-amigo/,0,12,0%,62.17
https://discurso360.com/agradecimiento-a-una-madre-fallecida/,0,12,0%,62.33
https://discurso360.com/bodas-de-oro-discurso-de-hijos/,0,12,0%,62.58
https://discurso360.com/citas-para-terminar-un-discurso/,0,12,0%,64
https://discurso360.com/palabras-de-apertura-de-un-evento/,0,12,0%,69.08
https://discurso360.com/como-hacer-un-discurso-de-graduacion-ejemplo/,0,12,0%,69.58
https://discurso360.com/cena-navidena-en-familia/,0,12,0%,71.08
https://discurso360.com/palabras-de-quinceanera-de-agradecimiento/,0,12,0%,75.17
https://discurso360.com/palabras-de-agradecimientos-por-mi-cumpleanos/,0,12,0%,77.5
https://discurso360.com/palabras-de-despedida-de-secundaria/,0,12,0%,77.58
https://discurso360.com/discursos-para-bodas-de-plata-de-amigos/,0,12,0%,78.42
https://discurso360.com/palabras-para-graduados-universitarios/,0,12,0%,79.17
https://discurso360.com/mensajes-de-gratitud-a-un-sacerdote/,0,12,0%,82.42
https://discurso360.com/dedicatorias-frases-para-un-profesor-de-agradecimiento/,0,12,0%,83.5
https://discurso360.com/agradecimientos-en-el-trabajo/,0,12,0%,84.08
https://discurso360.com/agradecimiento-por-visita/,0,12,0%,84.83
https://discurso360.com/frases-de-futbol-para-delanteros/,0,11,0%,9.09
https://discurso360.com/el-discurso-hace-distincion-entre-vencedores-y-vencidos/,0,11,0%,42.82
https://discurso360.com/chiste-en-discurso-directo-y-cambiarlo-a-indirecto/,0,11,0%,45.64
https://discurso360.com/palabras-de-despedida-cortas/,0,11,0%,59.36
https://discurso360.com/discurso-de-despedida-de-graduacion/,0,11,0%,60.64
https://discurso360.com/discurso-de-graduacion-preescolar/,0,11,0%,68.27
https://discurso360.com/frases-despedida-de-amigos/,0,11,0%,69.27
https://discurso360.com/frases-de-cumpleanos-para-un-hijo-de-18-anos/,0,11,0%,70.64
https://discurso360.com/certificado-de-mencion-de-honor/,0,11,0%,72
https://discurso360.com/discurso-para-xv-anos-padrino-de-brindis/,0,11,0%,76.09
https://discurso360.com/frases-de-una-quinceanera-a-sus-invitados/,0,11,0%,77.36
https://discurso360.com/discurso-directo-e-indirecto-ejercicios-primaria/,0,11,0%,78.18
https://discurso360.com/frases-para-felicitar-en-graduacion/,0,11,0%,79
https://discurso360.com/como-agradecer-por-mi-cumpleanos/,0,11,0%,79.73
https://discurso360.com/discurso-salud/,0,10,0%,10.2
https://discurso360.com/,0,10,0%,11
https://discurso360.com/diferencia-entre-discurso-y-conferencia/,0,10,0%,16.1
https://discurso360.com/palabras-de-ofrecimiento-del-acto/,0,10,0%,18.8
https://discurso360.com/discurso-sobre-el-bullying-largo/,0,10,0%,45.6
https://discurso360.com/10-ejemplos-de-discurso-directo/,0,10,0%,58.2
https://discurso360.com/frases-felicitaciones-de-graduacion-de-universidad/,0,10,0%,64.5
https://discurso360.com/mensajes-de-agradecimiento-a-companeros-de-trabajo/,0,10,0%,65.9
https://discurso360.com/gracias-por-aceptar-ser-mis-padrinos/,0,10,0%,68.9
https://discurso360.com/feliz-18-anos-hijo-mio/,0,10,0%,70.2
https://discurso360.com/discurso-de-despedida-de-secundaria-que-haga-llorar/,0,10,0%,72.2
https://discurso360.com/temas-para-un-discurso-de-oratoria/,0,10,0%,72.3
https://discurso360.com/palabras-de-despedida-para-estudiantes-que-se-graduan/,0,10,0%,73.4
https://discurso360.com/palabras-de-despedida-para-sexto-grado/,0,10,0%,74.7
https://discurso360.com/palabras-de-despedida-a-companeros-de-trabajo-que-se-jubila/,0,10,0%,74.8
https://discurso360.com/frases-de-despedida-a-un-amigo-fallecido/,0,10,0%,74.9
https://discurso360.com/palabras-de-despedida-salida-de-secundaria/,0,10,0%,75.7
https://discurso360.com/mensaje-de-bienvenida-a-companeros-de-trabajo/,0,10,0%,76.7
https://discurso360.com/palabras-bienvenida-boda/,0,10,0%,77.6
https://discurso360.com/brindis-de-15-anos-palabras/,0,10,0%,78.8
https://discurso360.com/partes-de-un-discurso/,0,10,0%,79.6
https://discurso360.com/discurso-boda-amiga-original/,0,10,0%,80.2
https://discurso360.com/discurso-de-despedida-por-jubilacion-docente/,0,10,0%,81.5
https://discurso360.com/frases-de-graduacion-para-mi/,0,10,0%,81.7
https://discurso360.com/palabras-de-agradecimiento-para-ninos-de-preescolar/,0,10,0%,81.8
https://discurso360.com/palabras-de-agradecimiento-trabajo/,0,10,0%,81.9
https://discurso360.com/copas-para-quinceanera-brindis/,0,10,0%,82.3
https://discurso360.com/frases-despedida-companera/,0,10,0%,83.4
https://discurso360.com/frases-de-agradecimiento-por-asistir-a-un-evento/,0,10,0%,83.6
https://discurso360.com/frases-de-agradecimiento-a-un-hijo/,0,10,0%,84.3
https://discurso360.com/discurso-para-cabildo-infantil/,0,9,0%,7
https://discurso360.com/renovar-votos-de-amistad/,0,9,0%,7.56
https://discurso360.com/discurso-cumpleanos-80-anos-papa/,0,9,0%,24.67
https://discurso360.com/brindis-para-ninos/,0,9,0%,26.33
https://discurso360.com/palabras-para-un-maestro-ejemplar/,0,9,0%,41.67
https://discurso360.com/carta-para-motivar-a-un-equipo-de-futbol/,0,9,0%,48.89
https://discurso360.com/poema-a-mi-madrina/,0,9,0%,49.11
https://discurso360.com/cumple-50-anos/,0,9,0%,60.33
https://discurso360.com/frases-para-padrinos-de-bautizo/,0,9,0%,61.67
https://discurso360.com/frases-para-discurso-de-graduacion-de-primaria/,0,9,0%,61.89
https://discurso360.com/discurso-hitler-video/,0,9,0%,63
https://discurso360.com/dedicatoria-jubilacion-companera-de-trabajo/,0,9,0%,65.33
https://discurso360.com/palabras-de-bienvenida-a-una-fiesta-de-graduacion/,0,9,0%,66.11
https://discurso360.com/mensaje-para-maestra-agradecimiento/,0,9,0%,69.56
https://discurso360.com/que-decir-en-un-servicio-funeral/,0,9,0%,70
https://discurso360.com/textos-graciosos-para-bodas-civiles/,0,9,0%,72.89
https://discurso360.com/frases-boda-amigos/,0,9,0%,75.56
https://discurso360.com/palabras-de-agradecimiento-de-una-maestra-a-sus-alumnos/,0,9,0%,76.44
https://discurso360.com/palabras-de-despedida-y-agradecimiento-a-una-amiga/,0,9,0%,76.44
https://discurso360.com/mensajes-de-despedida-para-una-companera-de-trabajo/,0,9,0%,78
https://discurso360.com/discurso-boda-hermana-gracioso/,0,9,0%,78.11
https://discurso360.com/mensajes-de-agradecimiento-a-una-hija/,0,9,0%,78.22
https://discurso360.com/discurso-para-padrino-de-brindis-de-boda/,0,9,0%,80.11
https://discurso360.com/palabras-para-jubilados-docentes/,0,9,0%,80.44
https://discurso360.com/palabras-para-un-graduado-de-bachiller/,0,9,0%,80.56
https://discurso360.com/el-mejor-discurso-para-una-quinceanera/,0,9,0%,81.44
https://discurso360.com/pensamientos-cortos-para-graduados-de-preescolar/,0,9,0%,81.56
https://discurso360.com/palabras-de-despedida-de-primaria-cortas/,0,9,0%,82
https://discurso360.com/celebracion-50-anos-mujer/,0,9,0%,84
https://discurso360.com/como-iniciar-un-discurso-persuasivo/,0,9,0%,87.78
https://discurso360.com/palabras-de-despedida-para-los-ninos-de-6-grado/,0,9,0%,88.11
https://discurso360.com/ejemplo-de-discurso/,0,9,0%,89.33
https://discurso360.com/felicitar-recien-casados/,0,9,0%,89.44
https://discurso360.com/feliz-cumple-madrina/,0,8,0%,9.88
https://discurso360.com/discurso-de-presentacion-para-un-concurso-de-belleza/,0,8,0%,13.75
https://discurso360.com/padrinos-para-quinceanera/,0,8,0%,16.5
https://discurso360.com/palabras-de-bienvenida-a-un-evento-deportivo/,0,8,0%,18.75
https://discurso360.com/discurso-de-jubilacion-de-una-enfermera/,0,8,0%,23.5
https://discurso360.com/palabras-de-despedida-funeral-abuela/,0,8,0%,38.12
https://discurso360.com/palabras-de-bienvenida-para-un-sacerdote/,0,8,0%,38.75
https://discurso360.com/discursos-artisticos/,0,8,0%,44
https://discurso360.com/chistes-de-discurso-directo-e-indirecto-ejemplos/,0,8,0%,44.5
https://discurso360.com/category/navidad/,0,8,0%,48
https://discurso360.com/agradecimiento-por-participar-en-un-evento/,0,8,0%,54.38
https://discurso360.com/1-aniversario-de-negocio/,0,8,0%,54.5
https://discurso360.com/discurso-para-el-dia-de-la-madre-corto/,0,8,0%,56.62
https://discurso360.com/palabras-de-clausura-de-un-evento/,0,8,0%,57.88
https://discurso360.com/palabras-de-despedida-de-secundaria-para-llorar-cortas/,0,8,0%,58
https://discurso360.com/mensaje-de-agradecimiento-a-companeros-de-trabajo/,0,8,0%,58.38
https://discurso360.com/discursos-para-motivar/,0,8,0%,60.62
https://discurso360.com/feliz-18-cumpleanos/,0,8,0%,63.75
https://discurso360.com/palabras-de-bienvenida-a-una-reunion/,0,8,0%,63.88
https://discurso360.com/ideas-para-despedir-a-un-jubilado/,0,8,0%,64.12
https://discurso360.com/mensaje-de-despedida-a-un-amigo/,0,8,0%,68.25
https://discurso360.com/palabras-de-agradecimiento-de-graduacion-de-universidad/,0,8,0%,68.88
https://discurso360.com/agradecimiento-a-profesores-de-secundaria/,0,8,0%,72
https://discurso360.com/frases-de-agradecimiento-al-trabajo/,0,8,0%,73.62
https://discurso360.com/palabras-de-despedida-y-agradecimiento-laboral-a-mi-jefe/,0,8,0%,76
https://discurso360.com/mensajes-de-agradecimiento-al-equipo-de-trabajo/,0,8,0%,78.38
https://discurso360.com/agradecimiento-laboral-frases-de-agradecimiento-a-empleados/,0,8,0%,80.88
https://discurso360.com/palabras-de-agradecimiento-en-navidad/,0,8,0%,82.12
https://discurso360.com/estructura-de-un-discurso-ejemplos/,0,8,0%,82.62
https://discurso360.com/palabra-de-agradecimiento/,0,8,0%,82.75
https://discurso360.com/como-se-clausura-un-ciclo-escolar/,0,8,0%,83
https://discurso360.com/palabras-de-despedida-y-agradecimiento-de-graduacion/,0,8,0%,83.12
https://discurso360.com/palabras-de-agradecimiento-a-una-familia-especial/,0,8,0%,84.25
https://discurso360.com/frases-para-el-equipo-de-futbol/,0,8,0%,84.38
https://discurso360.com/gracias-equipo-de-trabajo/,0,8,0%,84.62
https://discurso360.com/mejores-discursos-de-agradecimiento/,0,8,0%,84.62
https://discurso360.com/palabras-de-despedida-de-5to-ano-de-primaria/,0,8,0%,85.25
https://discurso360.com/palabras-de-agradecimiento-por-mis-cumpleanos/,0,8,0%,85.62
https://discurso360.com/palabras-para-el-graduado/,0,8,0%,85.75
https://discurso360.com/frases-de-agradecimiento-por-mi-cumpleanos-cortas/,0,8,0%,90.12
https://discurso360.com/arreglo-de-brindis-para-xv-anos/,0,8,0%,90.62
https://discurso360.com/bodas-60-anos-juntos/,0,7,0%,8.14
https://discurso360.com/discurso-de-gwen-stacy/,0,7,0%,9.57
https://discurso360.com/festejo-60-anos/,0,7,0%,19.57
https://discurso360.com/palabras-de-agradecimiento-de-quinceanera-a-invitados-y-familiares/,0,7,0%,34
https://discurso360.com/feliz-60-cumpleanos-papa/,0,7,0%,35.57
https://discurso360.com/discurso-para-ninos/,0,7,0%,48.29
https://discurso360.com/poesia-de-despedida-a-los-alumnos-de-secundaria/,0,7,0%,51.14
https://discurso360.com/cuales-son-las-funciones-del-discurso-cinematografico/,0,7,0%,51.86
https://discurso360.com/palabras-para-un-joven-que-cumple-18-anos/,0,7,0%,53.86
https://discurso360.com/frases-para-concluir/,0,7,0%,55.57
https://discurso360.com/frases-aniversario-laboral/,0,7,0%,55.71
https://discurso360.com/chiste-con-discurso-indirecto-de-frutas/,0,7,0%,59.71
https://discurso360.com/palabras-de-despedida-para-ninos-de-preescolar-clausura/,0,7,0%,60
https://discurso360.com/mensaje-a-los-padres/,0,7,0%,60.29
https://discurso360.com/discursos-de-graduacion-bachillerato/,0,7,0%,60.57
https://discurso360.com/palabras-de-un-padre-fallecido-a-sus-hijos/,0,7,0%,60.86
https://discurso360.com/clausura-de-un-acto/,0,7,0%,61
https://discurso360.com/felicitar-aun-amigo-por-su-cumpleanos/,0,7,0%,61.29
https://discurso360.com/agradecimientos-de-graduacion/,0,7,0%,63
https://discurso360.com/palabras-de-agradecimiento-por-apoyo-a-una-escuela/,0,7,0%,64.29
https://discurso360.com/despedirse-de-un-amigo-fallecido/,0,7,0%,66.29
https://discurso360.com/mensaje-de-despedida-para-una-companera-de-trabajo/,0,7,0%,67
https://discurso360.com/palabras-para-despedir-el-ciclo-escolar/,0,7,0%,67.14
https://discurso360.com/lista-de-egresados-de-secundaria/,0,7,0%,68.43
https://discurso360.com/discurso-emotivo-para-una-amiga-que-se-casa/,0,7,0%,70.57
https://discurso360.com/palabras-de-homenaje-a-una-persona-fallecida/,0,7,0%,71.57
https://discurso360.com/palabras-de-despedida-de-quinto-a-sexto/,0,7,0%,72.14
https://discurso360.com/discurso-ester-exposito/,0,7,0%,73.29
https://discurso360.com/discurso-de-un-maestro-jubilado/,0,7,0%,73.57
https://discurso360.com/frase-para-agradecer-a-un-amigo/,0,7,0%,74.86
https://discurso360.com/palabras-de-despedida-para-fin-de-ano-escolar/,0,7,0%,74.86
https://discurso360.com/agradecimiento-bautizo/,0,7,0%,75.71
https://discurso360.com/discurso-de-graduacion-6-primaria/,0,7,0%,77.14
https://discurso360.com/discurso-del-metodo-resumen-por-capitulos/,0,7,0%,78.29
https://discurso360.com/palabras-para-despedir-a-un-difunto/,0,7,0%,79.71
https://discurso360.com/partes-del-discurso-en-ingles/,0,7,0%,81.43
https://discurso360.com/palabras-para-bodas-de-oro/,0,7,0%,82.57
https://discurso360.com/fiesta-de-graduacion-universitaria/,0,7,0%,83
https://discurso360.com/frase-para-mi-padre-fallecido/,0,7,0%,83
https://discurso360.com/palabras-de-despedida-para-alumnos-de-secundaria/,0,7,0%,84.29
https://discurso360.com/graduacion-de-ninos/,0,7,0%,85.14
https://discurso360.com/felicitar-a-mis-padres-por-su-aniversario/,0,7,0%,86.14
https://discurso360.com/mensaje-de-aniversario/,0,7,0%,86.29
https://discurso360.com/discurso-para-brindis-de-quinceanera/,0,7,0%,89.86
https://discurso360.com/agradecimiento-de-xv-anos/,0,7,0%,90.86
https://discurso360.com/ideas-para-fiestas-patronales/,0,6,0%,24
https://discurso360.com/agradecimiento-de-graduacion-a-mi-madre/,0,6,0%,25.33
https://discurso360.com/discurso-de-la-primavera/,0,6,0%,26.5
https://discurso360.com/carta-de-agradecimiento-a-mi-directora/,0,6,0%,28.33
https://discurso360.com/discurso-jw/,0,6,0%,31
https://discurso360.com/palabras-de-agradecimiento-a-mi-madre-en-mi-graduacion/,0,6,0%,36.33
https://discurso360.com/discurso-para-mi-abuelo/,0,6,0%,42.83
https://discurso360.com/poemas-de-despedida-para-alumnos-de-tercero-de-secundaria/,0,6,0%,46.67
https://discurso360.com/ejemplos-de-discurso-cientifico/,0,6,0%,49.17
https://discurso360.com/palabras-brindis-navideno/,0,6,0%,51.67
https://discurso360.com/discurso-de-oratoria-sobre-el-bullying-escolar/,0,6,0%,54.67
https://discurso360.com/mensaje-de-bienvenida-a-un-grupo/,0,6,0%,55.83
https://discurso360.com/discurso-de-oratoria-de-benito-juarez-para-primaria/,0,6,0%,58.67
https://discurso360.com/texto-para-una-madre-luchadora/,0,6,0%,60.5
https://discurso360.com/palabras-para-brindis-de-clausura/,0,6,0%,62.67
https://discurso360.com/agradecimiento-al-jefe/,0,6,0%,63
https://discurso360.com/discurso-para-el-dia-del-nino/,0,6,0%,65
https://discurso360.com/category/navidad/page/2/,0,6,0%,65.17
https://discurso360.com/aniversario-luctuoso-recuerdos-para-misa-de-un-ano-de-fallecido/,0,6,0%,66.83
https://discurso360.com/palabras-de-agradecimiento-a-mis-companeros-de-escuela/,0,6,0%,67.17
https://discurso360.com/palabras-para-brindis-de-boda/,0,6,0%,68.83
https://discurso360.com/gracias-companeros-de-trabajo/,0,6,0%,70.67
https://discurso360.com/felicidades-por-tu-ascenso/,0,6,0%,71.33
https://discurso360.com/ejemplos-de-oratoria/,0,6,0%,72.67
https://discurso360.com/un-brindis-frases/,0,6,0%,72.67
https://discurso360.com/discurso-academico-ejemplos/,0,6,0%,77.17
https://discurso360.com/discurso-de-un-hermano-a-su-hermana-en-su-boda/,0,6,0%,78.33
https://discurso360.com/palabras-de-agradecimiento-a-los-padres-de-familia/,0,6,0%,78.67
https://discurso360.com/el-mejor-discurso-de-graduacion-de-bachillerato/,0,6,0%,79.83
https://discurso360.com/discursos-sud/,0,6,0%,82
https://discurso360.com/universidad-agradecimiento-de-graduacion/,0,6,0%,82
https://discurso360.com/ceremonia-de-quinceanera/,0,6,0%,82.67
https://discurso360.com/frases-cortas-de-graduacion-de-primaria/,0,6,0%,83
https://discurso360.com/discurso-de-graduacion-universitaria/,0,6,0%,83.83
https://discurso360.com/frase-de-agradecimiento-de-graduacion/,0,6,0%,85.5
https://discurso360.com/quienes-brindan-con-la-quinceanera/,0,6,0%,86.33
https://discurso360.com/frases-de-despedida-de-un-companero/,0,6,0%,87.17
https://discurso360.com/mensajes-de-despedida-para-alumnos/,0,6,0%,87.5
https://discurso360.com/copas-de-brindis-para-15-anos/,0,6,0%,88.83
https://discurso360.com/frases-funebres-cortas/,0,6,0%,89.33
https://discurso360.com/frases-para-tu-padre-de-agradecimiento/,0,6,0%,90.67
https://discurso360.com/frase-de-agradecimiento-por-mi-cumple/,0,6,0%,91.33
https://discurso360.com/frases-gracias-por-compartir/,0,6,0%,91.33
https://discurso360.com/ejemplo-de-inauguracion-de-un-evento/,0,6,0%,93.33
https://discurso360.com/discurso-de-delegado/,0,5,0%,9.2
https://discurso360.com/discurso-de-franco/,0,5,0%,11.2
https://discurso360.com/palabras-de-agradecimiento-a-autoridades/,0,5,0%,11.6
https://discurso360.com/ejemplo-de-discurso-deliberativo/,0,5,0%,21
https://discurso360.com/recuerdos-para-misa-de-un-ano-de-fallecido/,0,5,0%,26.2
https://discurso360.com/felicitaciones-para-un-graduado-de-secundaria/,0,5,0%,32.2
https://discurso360.com/discurso-fiestas-patronales/,0,5,0%,34
https://discurso360.com/pedida-de-mano-con-los-padres/,0,5,0%,36.6
https://discurso360.com/discurso-espartanos-300/,0,5,0%,38.8
https://discurso360.com/palabras-del-director-en-la-clausura-del-ano-escolar/,0,5,0%,40.6
https://discurso360.com/discurso-de-graduacion-de-secundaria-que-haga-llorar/,0,5,0%,43.6
https://discurso360.com/el-discurso-de-severn-suzuki/,0,5,0%,43.8
https://discurso360.com/discurso-de-bienvenida-a-un-evento-de-lectura/,0,5,0%,44.2
https://discurso360.com/felices-50-anos-chistoso/,0,5,0%,44.4
https://discurso360.com/discurso-del-general-hux/,0,5,0%,45.6
https://discurso360.com/feliz-60-cumpleanos-gracioso/,0,5,0%,46.2
https://discurso360.com/mensajes-de-bienvenida-a-casa/,0,5,0%,47.2
https://discurso360.com/discurso-de-amor/,0,5,0%,48.8
https://discurso360.com/discurso-sobre-los-valores-humanos/,0,5,0%,53.2
https://discurso360.com/palabras-despedida-de-ano-empresarial/,0,5,0%,56
https://discurso360.com/discursos-de-graduacion-para-llorar/,0,5,0%,56.8
https://discurso360.com/texto-ceremonia-renovacion-votos-matrimoniales/,0,5,0%,57
https://discurso360.com/palabras-de-clausura-de-ciclo-escolar-secundaria/,0,5,0%,57.2
https://discurso360.com/palabras-para-alguien-que-cumple-50-anos/,0,5,0%,58.4
https://discurso360.com/agradecimiento-profe/,0,5,0%,59.2
https://discurso360.com/discurso-para-un-graduado/,0,5,0%,61
https://discurso360.com/mensaje-de-despedida-del-colegio/,0,5,0%,64
https://discurso360.com/superacion-personal-ejemplos/,0,5,0%,64.4
https://discurso360.com/agradecimiento-a-mis-padres-por-su-apoyo-en-mis-estudios/,0,5,0%,65.8
https://discurso360.com/palabras-de-agradecimiento-a-mis-padres-por-terminar-mi-carrera/,0,5,0%,66.6
https://discurso360.com/25-anos-de-matrimonio-reflexiones/,0,5,0%,67.8
https://discurso360.com/pensamientos-bodas-de-oro-matrimoniales/,0,5,0%,68
https://discurso360.com/discurso-de-despedida-universidad/,0,5,0%,69.2
https://discurso360.com/carta-de-agradecimiento-a-profesores/,0,5,0%,69.6
https://discurso360.com/category/despedida/,0,5,0%,69.8
https://discurso360.com/ejemplos-de-discurso-para-parlamento-infantil/,0,5,0%,72.4
https://discurso360.com/ideas-para-brindis-de-15-anos/,0,5,0%,72.4
https://discurso360.com/15-ano-ejemplo-de-protocolo-de-quince-anos/,0,5,0%,72.6
https://discurso360.com/ejemplo-de-discurso-politico-corto/,0,5,0%,72.6
https://discurso360.com/como-empezar-un-discurso-de-graduacion/,0,5,0%,73.2
https://discurso360.com/discurso-de-padrino-de-generacion-preparatoria/,0,5,0%,73.2
https://discurso360.com/palabras-bonitas-para-la-boda-de-mi-hermana/,0,5,0%,74
https://discurso360.com/graduacion-de-primaria/,0,5,0%,74.6
https://discurso360.com/como-felicitar-un-graduado/,0,5,0%,75.6
https://discurso360.com/no-hay-palabras-para-agradecerte/,0,5,0%,76.2
https://discurso360.com/palabras-de-agradecimiento-por-apoyo-en-momentos-dificiles/,0,5,0%,76.8
https://discurso360.com/frases-para-dar-las-gracias-a-un-amigo/,0,5,0%,77.2
https://discurso360.com/discurso-de-despedida-corto/,0,5,0%,77.6
https://discurso360.com/programa-de-clausura-de-fin-de-ano-escolar/,0,5,0%,79
https://discurso360.com/mensajes-para-quinceanera/,0,5,0%,79.4
https://discurso360.com/que-se-hace-en-una-inauguracion/,0,5,0%,79.8
https://discurso360.com/discurso-boda-hermano-gracioso/,0,5,0%,80.2
https://discurso360.com/discurso-sobre-el-valor-del-respeto/,0,5,0%,80.4
https://discurso360.com/discursos-de-despedida/,0,5,0%,81.2
https://discurso360.com/corto-discurso-para-boda/,0,5,0%,81.8
https://discurso360.com/palabras-de-agradecimiento-a-una-madre-fallecida/,0,5,0%,82.2
https://discurso360.com/palabras-para-agradecer-a-una-amiga-por-su-amistad/,0,5,0%,86.6
https://discurso360.com/palabras-para-alguien-que-se-gradua/,0,5,0%,86.8
https://discurso360.com/mensaje-de-bienvenida-a-alumnos/,0,5,0%,87.4
https://discurso360.com/que-es-un-discurso-informativo/,0,5,0%,94
https://discurso360.com/category/exito/,0,4,0%,1.5
https://discurso360.com/graduacion-sexto/,0,4,0%,3.25
https://discurso360.com/oficio-de-agradecimiento-de-trabajo/,0,4,0%,4.5
https://discurso360.com/reencuentro-amigas/,0,4,0%,4.75
https://discurso360.com/discursos/,0,4,0%,6.25
https://discurso360.com/discurso-neoliberal/,0,4,0%,7
https://discurso360.com/frases-de-inauguracion/,0,4,0%,8.5
https://discurso360.com/discurso-de-cole-gears-of-war-2/,0,4,0%,9
https://discurso360.com/palabras-de-agradecimiento-por-mi-titulo-profesional/,0,4,0%,9.25
https://discurso360.com/bodas-lesvianas/,0,4,0%,9.5
https://discurso360.com/parentesis-en-un-discurso-crucigrama/,0,4,0%,10.75
https://discurso360.com/discurso-de-alabanza-a-un-amigo/,0,4,0%,12.75
https://discurso360.com/discurso-para-ser-delegado-de-clase/,0,4,0%,17.5
https://discurso360.com/palabras-bonitas-para-una-hermana-que-se-casa/,0,4,0%,18.75
https://discurso360.com/discurso-de-agradecimiento-de-un-alcalde-escolar/,0,4,0%,21.25
https://discurso360.com/palabras-para-brindis-despedida-de-soltera/,0,4,0%,24.5
https://discurso360.com/comida-familiar/,0,4,0%,26
https://discurso360.com/carta-de-agradecimiento-por-obras-realizadas/,0,4,0%,28.5
https://discurso360.com/dar-bienvenida/,0,4,0%,29.75
https://discurso360.com/bachillerato-discurso-de-graduacion/,0,4,0%,31.75